{
  "doctype": "html5",
  "favicon": "/app/admin/assets/images/favicon.ico",
  "meta": [
    {
      "name": "Content-type",
      "content": "text/html; charset=utf-8",
      "type": "equiv"
    },
    {
      "name": "X-UA-Compatible",
      "content": "IE=edge",
      "type": "equiv"
    },
    {
      "name": "viewport",
      "content": "width=device-width, initial-scale=1, maximum-scale=1, user-scalable=no",
      "type": "name"
    }
  ],
  "style": [
    {
      "path": "/app/system/assets/ui/flame.css",
      "name": "flame-css"
    },
    {
      "path": "css/admin.css",
      "name": "admin-css"
    }
  ],
  "script": [
    {
      "path": "/app/system/assets/ui/flame.js",
      "name": "flame-js"
    },
    {
      "path": "js/admin.js",
      "name": "admin-js"
    }
  ]
}